epoch,time,train/box_loss,train/cls_loss,train/dfl_loss,metrics/precision(B),metrics/recall(B),metrics/mAP50(B),metrics/mAP50-95(B),val/box_loss,val/cls_loss,val/dfl_loss,lr/pg0,lr/pg1,lr/pg2
1,155.145,2.14915,3.61836,2.04732,0.71662,0.86707,0.77416,0.32673,1.96656,2.59195,1.90445,0.000474807,0.000474807,0.000474807
2,312.682,1.98851,2.77965,1.90938,0.84154,0.83462,0.90319,0.34522,2.01216,2.32039,2.01185,0.000932307,0.000932307,0.000932307
3,474.873,1.96035,2.63548,1.90106,0.84472,0.87143,0.90123,0.36253,1.93524,2.27079,2.0279,0.00137095,0.00137095,0.00137095
4,618.165,1.92083,2.29266,1.91194,0.83465,0.81429,0.86616,0.36035,2.0349,2.07943,1.99962,0.00134412,0.00134412,0.00134412
5,763.317,1.93059,2.20426,1.85408,0.93083,0.76896,0.89107,0.36547,1.94362,1.97162,1.90578,0.00131582,0.00131582,0.00131582
6,933.129,1.87049,2.06915,1.82413,0.85937,0.82857,0.87208,0.36833,1.9036,1.85035,1.91427,0.00128753,0.00128753,0.00128753
7,1101.69,1.86395,1.87823,1.82906,0.91558,0.92961,0.95608,0.38861,1.92863,1.64383,1.89582,0.00125923,0.00125923,0.00125923
